Name,Score1,Score2,Score3,Average
Bushra,67.0,89.0,99.0,85.0
alia,88.0,34.0,67.0,63.0
kashan,66.0,99.0,59.0,74.66666666666667
hafsa,56.0,90.0,89.0,78.33333333333333
